activity,attenuation,e_S,e_E,e_I,peak_E
centered_bump,zero,0.0006459788886719696,0.0,0.0006459788886719696,0.0
offcenter_bump,zero,0.0021484838466137076,0.0,0.0021484838466137076,0.0
three_blobs,zero,0.0027136092089169064,0.0,0.0027136092089169064,0.0
smooth_phantom,zero,0.0021138864842203523,0.0,0.002113886484220537,0.0
centered_bump,uniform_soft,0.0006459788886719696,0.0009366157806687171,0.0005144044192243204,1.022025271167339
offcenter_bump,uniform_soft,0.0021484838466137076,0.0009366157806687171,0.0014116678098680597,1.022025271167339
three_blobs,uniform_soft,0.0027136092089169064,0.0009366157806687171,0.0019901272361652726,1.022025271167339
smooth_phantom,uniform_soft,0.0021138864842203523,0.0009366157806687171,0.0015813952600037258,1.022025271167339
centered_bump,single_bump,0.0006459788886719696,0.0007084116658592838,0.0006595389890311699,1.2071022554275095
offcenter_bump,single_bump,0.0021484838466137076,0.0007084116658592838,0.0012992427169382103,1.2071022554275095
three_blobs,single_bump,0.0027136092089169064,0.0007084116658592838,0.0020291763129893807,1.2071022554275095
smooth_phantom,single_bump,0.0021138864842203523,0.0007084116658592838,0.0017735402987877759,1.2071022554275095
centered_bump,two_bumps,0.0006459788886719696,0.0013281201394015373,0.001215888136637692,1.3815440951288747
offcenter_bump,two_bumps,0.0021484838466137076,0.0013281201394015373,0.0022509400921863175,1.3815440951288747
three_blobs,two_bumps,0.0027136092089169064,0.0013281201394015373,0.0022870682593485636,1.3815440951288747
smooth_phantom,two_bumps,0.0021138864842203523,0.0013281201394015373,0.001828589159765145,1.3815440951288747
centered_bump,high_contrast,0.0006459788886719696,0.0026670991941805844,0.0021081215408162986,3.0827048713747676
offcenter_bump,high_contrast,0.0021484838466137076,0.0026670991941805844,0.002964220751211165,3.0827048713747676
three_blobs,high_contrast,0.0027136092089169064,0.0026670991941805844,0.0023815699175754675,3.0827048713747676
smooth_phantom,high_contrast,0.0021138864842203523,0.0026670991941805844,0.0018333998566627014,3.0827048713747676
centered_bump,anisotropic,0.0006459788886719696,0.0015966038053138183,0.0012205003629893773,1.9913945163562967
offcenter_bump,anisotropic,0.0021484838466137076,0.0015966038053138183,0.002708202032382262,1.9913945163562967
three_blobs,anisotropic,0.0027136092089169064,0.0015966038053138183,0.002846964629686713,1.9913945163562967
smooth_phantom,anisotropic,0.0021138864842203523,0.0015966038053138183,0.0020418167180232295,1.9913945163562967
centered_bump,gradient,0.0006459788886719696,0.0010410311020979542,0.0005398017109615392,1.5682285806166392
offcenter_bump,gradient,0.0021484838466137076,0.0010410311020979542,0.0010619574450668153,1.5682285806166392
three_blobs,gradient,0.0027136092089169064,0.0010410311020979542,0.0018636344449271171,1.5682285806166392
smooth_phantom,gradient,0.0021138864842203523,0.0010410311020979542,0.0015006629241573484,1.5682285806166392
centered_bump,oscillatory,0.0006459788886719696,0.0010845494848471873,0.0005700415289448718,1.7342422992926032
offcenter_bump,oscillatory,0.0021484838466137076,0.0010845494848471873,0.0012954129123180834,1.7342422992926032
three_blobs,oscillatory,0.0027136092089169064,0.0010845494848471873,0.0023961535513693437,1.7342422992926032
smooth_phantom,oscillatory,0.0021138864842203523,0.0010845494848471873,0.0016508469376046192,1.7342422992926032
centered_bump,very_strong,0.0006459788886719696,0.0010308066821675755,0.0002003945373583262,12.024151815038694
offcenter_bump,very_strong,0.0021484838466137076,0.0010308066821675755,0.0009513503720157137,12.024151815038694
three_blobs,very_strong,0.0027136092089169064,0.0010308066821675755,0.000826990006101367,12.024151815038694
smooth_phantom,very_strong,0.0021138864842203523,0.0010308066821675755,0.0004105518759220316,12.024151815038694
