dtheta_l_over_h,e_alg,flops,knob,n_grid,seconds,value
1.5707963267948966,0.002222766574072266,686605312,n_theta_min,129,4.86167096500003,4
0.7853981633974483,0.0005762450385685344,1158465536,n_theta_min,129,12.180272360000117,8
0.39269908169872414,0.00013828686067507992,1900072960,n_theta_min,129,18.288720408000017,16
0.19634954084936207,9.299684857798494e-05,2979061760,n_theta_min,129,31.099866155999962,32
0.09817477042468103,9.408654737974397e-05,4328587264,n_theta_min,129,48.59470660099987,64
0.39269908169872414,0.0015985350886065256,953733120,s_oversample,129,8.24034123599995,1
0.39269908169872414,0.00013828686067507992,1900072960,s_oversample,129,18.156571741000107,2
0.39269908169872414,7.249061838557063e-05,3792752640,s_oversample,129,38.40285427900017,4
0.39269908169872414,0.00013828686067507992,1900072960,t_oversample,129,18.53176761800023,2
0.39269908169872414,0.00013755360332017073,3786461184,t_oversample,129,35.72823250600004,4
0.39269908169872414,0.0001355521080788247,7559237632,t_oversample,129,72.68494213399981,8
0.39269908169872414,0.00026832740690281424,1288207360,theta_order,129,12.765672704999815,2
0.39269908169872414,0.00013828686067507992,1900072960,theta_order,129,20.51225212600002,4
0.39269908169872414,0.00013480459547098522,2511938560,theta_order,129,23.37601298799973,6
0.39269908169872414,0.001959753918303207,1288207360,s_order,129,16.78185511599986,2
0.39269908169872414,0.00013828686067507992,1900072960,s_order,129,18.833921201000067,4
0.39269908169872414,0.00010723674115398478,2511938560,s_order,129,23.323083175999727,6
0.39269908169872414,0.0008940001508282454,1288207360,t_order,129,16.913659236000058,2
0.39269908169872414,0.00013828686067507992,1900072960,t_order,129,19.086429784000302,4
0.39269908169872414,0.00013959267750647463,2511938560,t_order,129,23.497929129000113,6
