n_grid,N,m_out,n_dir,flops_ml,flops_direct,speedup
9,729,9,486,11327334192,3839450544,0.33895446880269814
17,4913,9,486,82855772208,28084334256,0.33895446880269814
33,35937,9,486,633171006000,214616142000,0.33895446880269814
65,274625,9,486,4949371811376,1677611693232,0.33895446880269814
129,2146689,9,486,39136350027312,13265440734384,0.33895446880269814
257,16974593,9,486,311266974912048,105505332137136,0.33895446880269814
513,135005697,9,486,2482861794750000,841577100750000,0.33895446880269814
17,4913,5,150,8668004400,8668004400,1.0
33,35937,9,486,633171006000,214616142000,0.33895446880269814
65,274625,17,1734,13243267511856,5985552831408,0.4519694875943154
129,2146689,33,6534,231078895074864,178346480984496,0.7717990902056029
257,16974593,65,25350,3808605225831984,5503210225671600,1.444941100313024
