n_grid,sigma,order,seconds,n_lines,ops,entries,base_ops,doubling_ops,err_S,err_E,err_I
129,1,2,0.5919671300034679,132612,38169552,990204,21135360,17034192,0.04698194600562636,0.02465429301342872,0.030600126429798515
129,2,2,1.5682279840002593,527364,142887888,3814908,75792384,67095504,0.01471091435689925,0.008312046099337871,0.009729879444627833
129,4,2,8.995610799000133,2103300,552078288,14969340,285769728,266308560,0.0047056763370267995,0.0027493436859162288,0.0032671697501429715
129,1,4,0.3795735620005871,132612,47680464,990204,21135360,26545104,0.013782309477229563,0.008804178891679735,0.010431112682883876
129,2,4,1.2760795100002724,527364,180784080,3814908,75792384,104991696,0.0027900825993108958,0.0017986657732194861,0.0022611987987618386
129,4,4,9.51180359800128,2103300,703368144,14969340,285769728,417598416,0.0017584059714452751,0.0008943687991428667,0.001055116219112274
129,1,6,0.5627434560010443,132612,57191376,990204,21135360,36056016,0.03273269610126473,0.018102639428206117,0.02806061265977816
129,2,6,1.6293309100001352,527364,218680272,3814908,75792384,142887888,0.0022815964857680875,0.0016913332311306929,0.002251500385198884
129,4,6,9.58474287900026,2103300,854658000,14969340,285769728,568888272,0.0016677027521418812,0.0009132277062260741,0.0010127780686380863
